kinase.klifs_name,species.klifs,n_structures,best_resolution,best_quality,kinase.group,kinase.family
CK2a2,Human,64,0.83,8.9,CMGC,CK2
CK2a1,Human,475,1.04,9.9,CMGC,CK2
DYRK1A,Human,243,1.05,9.8,CMGC,DYRK
EphB4,Human,33,1.05,9.7,TK,Eph
PDK1,Human,106,1.09,9.9,AGC,PDK1
EphA2,Human,81,1.1,8.4,TK,Eph
Erk2,Human,223,1.12,9.8,CMGC,MAPK
TNIK,Human,16,1.2,9.6,STE,STE20
DAPK3,Human,18,1.24,9.4,CAMK,DAPK
ALK2,Human,197,1.25,9.6,TKL,STKR
EphA3,Human,25,1.25,9.6,TK,Eph
CHK1,Human,226,1.3,9.9,CAMK,CAMKL
JAK2,Human,229,1.3,9.8,TK,JakA
DAPK1,Human,68,1.3,9.6,CAMK,DAPK
CK1g3,Human,16,1.3,8.7,CK1,CK1
SYK,Human,131,1.32,9.7,TK,Syk
JNK1,Human,33,1.33,9.8,CMGC,MAPK
JAK1,Human,137,1.33,9.6,TK,JakA
FAK,Human,62,1.361,8.4,TK,FAK
IRAK4,Human,271,1.4,9.9,TKL,IRAK
Haspin,Human,55,1.4,9.9,Other,Haspin
CK1d,Human,129,1.4,9.7,CK1,CK1
Erk1,Human,10,1.4,8.0,CMGC,MAPK
PAK6,Human,4,1.4,8.0,STE,STE20
CLK3,Human,49,1.42,9.7,CMGC,CLK
BTK,Human,13,1.42,9.6,TK,Tec
TTBK1,Human,22,1.42,9.2,CK1,TTBK
CDC7,Human,10,1.44,8.0,Other,CDC7
CLK1,Human,99,1.45,9.8,CMGC,CLK
TGFbR1,Human,49,1.45,9.8,TKL,STKR
MST3,Human,49,1.45,9.4,STE,STE20
AKT1,Human,22,1.49,8.0,AGC,Akt
MYT1,Human,19,1.5,9.7,Other,WEE
CaMKK2,Human,25,1.5,9.6,Other,CAMKK
KIT,Human,18,1.5,9.6,TK,PDGFR
TTBK2,Human,14,1.5,9.6,CK1,TTBK
HPK1,Human,23,1.5,9.4,STE,STE20
JAK2-b,Human,39,1.5,9.2,TK,JakB
TAO3,Human,2,1.5,8.0,STE,STE20
PI4KB,Human,13,1.506,9.4,Atypical,PIK
PAK3,Human,2,1.52,8.0,STE,STE20
Wee1,Human,28,1.53,9.0,Other,WEE
JAK3,Human,107,1.55,9.9,TK,JakA
PKACa,Human,60,1.55,9.7,AGC,PKA
ALK,Human,67,1.55,8.0,TK,ALK
ULK1,Human,20,1.56,9.2,Other,ULK
TGFbR2,Human,8,1.57,9.4,TKL,STKR
KDR,Human,5,1.57,6.4,TK,VEGFR
AurA,Human,154,1.58,9.6,Other,Aur
PIM1,Human,255,1.6,9.9,CAMK,PIM
LCK,Human,30,1.6,9.9,TK,Src
FGFR4,Human,40,1.6,9.6,TK,FGFR
AKT2,Human,19,1.6,9.4,AGC,Akt
EphB1,Human,6,1.608,8.8,TK,Eph
FGFR1,Human,169,1.63,9.7,TK,FGFR
SLK,Human,6,1.63,9.0,STE,STE20
RET,Human,54,1.64,9.8,TK,Ret
PAK1,Human,28,1.64,9.6,STE,STE20
YSK1,Human,4,1.644,9.2,STE,STE20
Erk5,Human,19,1.65,9.8,CMGC,MAPK
CDK2,Human,305,1.65,9.6,CMGC,CDK
TYK2,Human,43,1.65,9.4,TK,JakA
LIMK1,Human,9,1.65,8.9,TKL,LISK
PIK3C3,Human,13,1.67,9.6,Atypical,PIK
ITK,Human,42,1.67,9.0,TK,Tec
MRCKb,Human,10,1.68,9.4,AGC,DMPK
JNK2,Human,5,1.69,8.0,CMGC,MAPK
p38a,Human,127,1.7,9.7,CMGC,MAPK
JNK3,Human,85,1.7,9.6,CMGC,MAPK
SRPK1,Human,13,1.7,8.0,CMGC,SRPK
ULK3,Human,1,1.7,6.4,Other,ULK
TYK2-b,Human,60,1.71,9.8,TK,JakB
DCLK1,Human,8,1.71,9.4,CAMK,DCAMKL
PRPK,Human,7,1.71,8.0,Other,Bud32
BIKE,Human,8,1.72,9.6,Other,NAK
IRE1,Human,28,1.736,9.7,Other,IRE
FGFR3,Human,12,1.737,8.0,TK,FGFR
PLK2,Human,9,1.74,8.0,Other,PLK
RSK2,Human,4,1.74,8.0,AGC,RSK
AurC,Human,4,1.75,9.8,Other,Aur
FES,Human,10,1.75,9.7,TK,Fer
PAK4,Human,39,1.75,9.6,STE,STE20
DRAK2,Human,20,1.75,9.6,CAMK,DAPK
CK1g1,Human,2,1.75,9.6,CK1,CK1
ULK4,Human,3,1.75,9.0,Other,ULK
MET,Human,5,1.75,8.0,TK,Met
CHK2,Human,37,1.77,8.0,CAMK,RAD53
ErbB2,Human,6,1.77,8.0,TK,EGFR
MELK,Human,73,1.79,9.7,CAMK,CAMKL
ACK,Human,15,1.79,9.0,TK,Ack
PKCi,Human,13,1.79,9.0,AGC,PKC
INSR,Human,13,1.79,8.0,TK,InsR
PAK5,Human,2,1.8,9.9,STE,STE20
EGFR,Human,166,1.8,9.7,TK,EGFR
FGFR2,Human,97,1.8,9.7,TK,FGFR
GSK3B,Human,190,1.8,9.6,CMGC,GSK
VRK1,Human,87,1.8,9.6,CK1,VRK
TBK1,Human,8,1.8,8.0,Other,IKK
GPRK5,Human,6,1.8,8.0,AGC,GRK
PKG1,Human,12,1.83,9.6,AGC,PKG
CASK,Human,18,1.85,9.7,CAMK,CASK
p70S6K,Human,20,1.85,9.4,AGC,RSK
VRK2,Human,6,1.85,8.2,CK1,VRK
PKCh,Human,4,1.85,8.0,AGC,PKC
IGF1R,Human,54,1.9,9.9,TK,InsR
AAK1,Human,11,1.9,9.7,Other,NAK
LOK,Human,23,1.9,9.6,STE,STE20
QSK,Human,4,1.9,9.6,CAMK,CAMKL
CaMK2d,Human,9,1.9,9.4,CAMK,CAMK2
CDK5,Human,12,1.9,8.0,CMGC,CDK
MAPKAPK3,Human,10,1.9,8.0,CAMK,MAPKAPK
MST1,Human,7,1.9,8.0,STE,STE20
PYK2,Human,3,1.9,8.0,TK,FAK
DYRK3,Human,1,1.9,8.0,CMGC,DYRK
PLK3,Human,1,1.9,8.0,Other,PLK
ADCK3,Human,3,1.9,7.6,Atypical,ABC1
MST2,Human,6,1.901,9.6,STE,STE20
SRC,Human,36,1.91,9.5,TK,Src
ABL1,Human,10,1.91,8.0,TK,Abl
DYRK1B,Human,2,1.91,8.0,CMGC,DYRK
PKN1,Human,4,1.93,8.0,AGC,PKN
TTK,Human,74,1.94,9.6,Other,TTK
GSK3A,Human,4,1.94,9.0,CMGC,GSK
CLK2,Human,15,1.95,9.6,CMGC,CLK
MAP2K7,Human,15,1.95,9.6,STE,STE7
ACTR2,Human,12,1.95,9.6,TKL,STKR
PLK1,Human,24,1.95,8.0,Other,PLK
p110a,Human,72,1.989,9.6,Atypical,PIK
RIPK2,Human,54,2.0,9.7,TKL,RIPK
PRP4,Human,22,2.0,9.6,CMGC,DYRK
TAK1,Human,13,2.0,9.5,TKL,MLK
CHED,Human,3,2.0,9.2,CMGC,CDK
CDKL5,Human,3,2.0,8.2,CMGC,CDKL
PKCt,Human,15,2.0,8.0,AGC,PKC
CDC2,Human,12,2.0,8.0,CMGC,CDK
ACTR2B,Human,1,2.0,8.0,TKL,STKR
HCK,Human,1,2.0,8.0,TK,Src
BUB1,Human,7,2.0,7.6,Other,BUB
p38d,Human,2,2.0,7.6,CMGC,MAPK
p110g,Human,100,2.02,9.5,Atypical,PIK
TRKA,Human,22,2.02,8.9,TK,Trk
ROS,Human,4,2.035,8.0,TK,Sev
CDK8,Human,32,2.04,8.3,CMGC,CDK
BMPR1B,Human,4,2.05,9.6,TKL,STKR
ULK2,Human,26,2.05,8.8,Other,ULK
p38b,Human,4,2.05,8.0,CMGC,MAPK
SRPK2,Human,11,2.06,8.0,CMGC,SRPK
BARK1,Human,25,2.07,8.0,AGC,GRK
MAP3K5,Human,65,2.1,9.9,STE,STE11
CaMK2a,Human,19,2.1,9.8,CAMK,CAMK2
RIOK2,Human,15,2.1,9.4,Atypical,RIO
GAK,Human,13,2.1,9.4,Other,NAK
MARK2,Human,3,2.1,8.0,CAMK,CAMKL
RNAseL,Human,3,2.1,8.0,Other,Other-Unique
MST4,Human,2,2.10681,7.9,STE,STE20
DYRK2,Human,37,2.15,9.8,CMGC,DYRK
MLKL,Human,2,2.16,8.0,TKL,TKL-Unique
IRAK3,Human,1,2.18,8.0,TKL,IRAK
HIPK2,Human,3,2.19,8.0,CMGC,DYRK
CRK7,Human,10,2.2,9.6,CMGC,CDK
CDKL3,Human,1,2.2,8.5,CMGC,CDKL
p110d,Human,17,2.21,9.1,Atypical,PIK
ROCK2,Human,37,2.214,9.8,AGC,DMPK
PLK4,Human,4,2.25,8.8,Other,PLK
IRAK1,Human,4,2.26,8.0,TKL,IRAK
HGK,Human,6,2.27,8.0,STE,STE20
PI4K2A,Human,6,2.28,8.5,Atypical,PIK
CK1a,Human,2,2.28,8.0,CK1,CK1
YANK1,Human,12,2.29,9.7,AGC,YANK
ROCK1,Human,47,2.29,9.4,AGC,DMPK
PASK,Human,6,2.3,8.0,CAMK,CAMKL
ZAP70,Human,2,2.3,8.0,TK,Syk
BMPR2,Human,6,2.3,7.6,TKL,STKR
NIK,Human,23,2.31,9.4,STE,STE-Unique
COT,Human,10,2.33,8.4,STE,STE-Unique
PIM2,Human,4,2.33,8.0,CAMK,PIM
STLK5,Human,1,2.35,8.0,STE,STE20
MSK1-b,Human,12,2.4,8.8,CAMK,RSKb
RSK2-b,Human,5,2.4,8.0,CAMK,RSKb
CDKL1,Human,3,2.4,8.0,CMGC,CDKL
DRAK1,Human,2,2.4,7.6,CAMK,DAPK
CK1g2,Human,6,2.4,7.0,CK1,CK1
CaMK2b,Human,2,2.4,6.8,CAMK,CAMK2
p38g,Human,1,2.4,6.4,CMGC,MAPK
MAPKAPK2,Human,47,2.41,9.7,CAMK,MAPKAPK
Erk3,Human,7,2.43,8.0,CMGC,MAPK
PKR,Human,6,2.451,8.0,Other,PEK
CLK4,Human,2,2.46,8.0,CMGC,CLK
PKCa,Human,8,2.48,9.6,AGC,PKC
PHKg2,Human,8,2.5,9.6,CAMK,PHK
PDGFRa,Human,3,2.5,9.4,TK,PDGFR
FMS,Human,2,2.5,9.4,TK,PDGFR
BRAF,Human,18,2.5,8.0,TKL,RAF
CDK7,Human,5,2.5,8.0,CMGC,CDK
ATM,Human,8,2.5,7.2,Atypical,PIKK
CDK4,Human,1,2.51,8.0,CMGC,CDK
RIOK1,Human,3,2.6,9.3,Atypical,RIO
MPSK1,Human,2,2.6,9.2,Other,NAK
GPRK6,Human,6,2.6,8.0,AGC,GRK
GPRK4,Human,2,2.6,8.0,AGC,GRK
PKCb,Human,2,2.6,8.0,AGC,PKC
ALK1,Human,24,2.65,9.0,TKL,STKR
LKB1,Human,2,2.65,8.0,CAMK,CAMKL
SgK085,Human,4,2.67,8.7,CAMK,MLCK
HH498,Human,20,2.7,9.9,TKL,MLK
AMPKa1,Human,2,2.7,8.0,CAMK,CAMKL
LYN,Human,2,2.7,8.0,TK,Src
CaMK1a,Human,1,2.7,8.0,CAMK,CAMK1
Wee1B,Human,1,2.7,8.0,Other,WEE
MNK2,Human,4,2.71,8.3,CAMK,MAPKAPK
PKN2,Human,1,2.75,8.0,AGC,PKN
AMPKa2,Human,12,2.77,9.7,CAMK,CAMKL
CDK9,Human,17,2.8,9.7,CMGC,CDK
DMPK1,Human,2,2.8,9.4,AGC,DMPK
CDK6,Human,4,2.8,8.5,CMGC,CDK
DAPK2,Human,4,2.8,8.0,CAMK,DAPK
FYN,Human,1,2.8,8.0,TK,Src
MARK4,Human,1,2.8,8.0,CAMK,CAMKL
ABL2,Human,6,2.81,8.0,TK,Abl
SMG1,Human,1,2.82,6.8,Atypical,PIKK
IKKb,Human,4,2.83,8.0,Other,IKK
AXL,Human,2,2.84,8.0,TK,Axl
KHS2,Human,1,2.85,9.7,STE,STE20
FRAP,Human,2,2.86,9.6,Atypical,PIKK
TLK2,Human,1,2.86,8.0,Other,TLK
CSK,Human,1,2.9,7.2,TK,Csk
DNAPK,Human,6,2.91,6.8,Atypical,PIKK
