metric,aggregation,condition,run_id,source,n,value,iqr_low,iqr_high,ci_low,ci_high
ifp_tanimoto,distribution,local-poses,2026-08-24-6tgu-s0-n100,local-poses,100,0.457516339869281,0.3529411764705882,0.5294117647058824,0.4117647058823529,0.4705882352941176
ifp_tanimoto,distribution,"local-poses, топ 20%",2026-08-24-6tgu-s0-n100,local-poses,20,0.6176470588235294,0.5882352941176471,0.6764705882352942,0.5882352941176471,0.6568627450980392
ifp_tanimoto,distribution,diffsbdd,2026-08-24-6tgu-s0-n100-seed1,diffsbdd,95,0.3529411764705882,0.2631578947368421,0.4444444444444444,0.3157894736842105,0.3888888888888889
ifp_tanimoto,distribution,"diffsbdd, топ 20%",2026-08-24-6tgu-s0-n100-seed1,diffsbdd,19,0.5,0.40588235294117647,0.542483660130719,0.4117647058823529,0.5294117647058824
ifp_tversky,distribution,local-poses,2026-08-24-6tgu-s0-n100,local-poses,100,0.4705882352941176,0.3529411764705882,0.5294117647058824,0.4117647058823529,0.4705882352941176
ifp_tversky,distribution,"local-poses, топ 20%",2026-08-24-6tgu-s0-n100,local-poses,20,0.6176470588235294,0.5882352941176471,0.7058823529411765,0.5882352941176471,0.6764705882352942
ifp_tversky,distribution,diffsbdd,2026-08-24-6tgu-s0-n100-seed1,diffsbdd,95,0.3529411764705882,0.2941176470588235,0.4705882352941176,0.3529411764705882,0.4117647058823529
ifp_tversky,distribution,"diffsbdd, топ 20%",2026-08-24-6tgu-s0-n100-seed1,diffsbdd,19,0.5294117647058824,0.4117647058823529,0.5588235294117647,0.4117647058823529,0.5294117647058824
hinge_hbond,share,local-poses,2026-08-24-6tgu-s0-n100,local-poses,100,0.4,,,0.3097500000000002,0.5
hinge_hbond,share,"local-poses, топ 20%",2026-08-24-6tgu-s0-n100,local-poses,20,0.9,,,0.75,1.0
hinge_hbond,share,diffsbdd,2026-08-24-6tgu-s0-n100-seed1,diffsbdd,95,0.8,,,0.7157894736842105,0.8736842105263158
hinge_hbond,share,"diffsbdd, топ 20%",2026-08-24-6tgu-s0-n100-seed1,diffsbdd,19,1.0,,,1.0,1.0
ifp_score,distribution,local-poses,2026-08-24-6tgu-s0-n100,local-poses,100,0.2,0.0,0.6,0.2,0.4
ifp_score,distribution,"local-poses, топ 20%",2026-08-24-6tgu-s0-n100,local-poses,20,0.8,0.75,0.8500000000000001,0.8,0.8
ifp_score,distribution,diffsbdd,2026-08-24-6tgu-s0-n100-seed1,diffsbdd,95,0.4,0.2,0.6,0.4,0.4
ifp_score,distribution,"diffsbdd, топ 20%",2026-08-24-6tgu-s0-n100-seed1,diffsbdd,19,0.6,0.6,0.8,0.6,0.8
ifp_score_norm,distribution,local-poses,2026-08-24-6tgu-s0-n100,local-poses,100,0.008696,0.0,0.026087,0.008696,0.017391
ifp_score_norm,distribution,"local-poses, топ 20%",2026-08-24-6tgu-s0-n100,local-poses,20,0.034783,0.032609,0.036956750000000003,0.034783,0.034783
ifp_score_norm,distribution,diffsbdd,2026-08-24-6tgu-s0-n100-seed1,diffsbdd,95,0.015385,0.007549500000000001,0.026087,0.012903,0.017391
ifp_score_norm,distribution,"diffsbdd, топ 20%",2026-08-24-6tgu-s0-n100-seed1,diffsbdd,19,0.030769,0.0274295,0.033333,0.027586,0.033333
valid,share,local-poses,2026-08-24-6tgu-s0-n100,local-poses,100,1.0,,,1.0,1.0
valid,share,"local-poses, топ 20%",2026-08-24-6tgu-s0-n100,local-poses,20,1.0,,,1.0,1.0
valid,share,diffsbdd,2026-08-24-6tgu-s0-n100-seed1,diffsbdd,95,1.0,,,1.0,1.0
valid,share,"diffsbdd, топ 20%",2026-08-24-6tgu-s0-n100-seed1,diffsbdd,19,1.0,,,1.0,1.0
connected,share,local-poses,2026-08-24-6tgu-s0-n100,local-poses,100,1.0,,,1.0,1.0
connected,share,"local-poses, топ 20%",2026-08-24-6tgu-s0-n100,local-poses,20,1.0,,,1.0,1.0
connected,share,diffsbdd,2026-08-24-6tgu-s0-n100-seed1,diffsbdd,95,0.9578947368421052,,,0.9157894736842104,0.9894736842105264
connected,share,"diffsbdd, топ 20%",2026-08-24-6tgu-s0-n100-seed1,diffsbdd,19,1.0,,,1.0,1.0
uniqueness,set,diffsbdd,2026-08-24-6tgu-s0-n100-seed1,diffsbdd,95,1.0,,,,
uniqueness,set,"diffsbdd, топ 20%",2026-08-24-6tgu-s0-n100-seed1,diffsbdd,19,1.0,,,,
qed,distribution,diffsbdd,2026-08-24-6tgu-s0-n100-seed1,diffsbdd,95,0.5971594466820139,0.4444608899092283,0.7001710098270288,0.5323853135904216,0.6440417477413259
qed,distribution,"diffsbdd, топ 20%",2026-08-24-6tgu-s0-n100-seed1,diffsbdd,19,0.628651167774768,0.5179483446031502,0.7183403277449671,0.5602119167196022,0.6959147740012332
sa_score,distribution,diffsbdd,2026-08-24-6tgu-s0-n100-seed1,diffsbdd,95,7.35609226234545,6.935123456515311,7.845594780383017,7.227584803214567,7.517277454164926
sa_score,distribution,"diffsbdd, топ 20%",2026-08-24-6tgu-s0-n100-seed1,diffsbdd,19,7.256615416503578,6.883708861049002,7.537315402774519,6.96744413015213,7.4838872788905295
n_heavy_atoms,distribution,diffsbdd,2026-08-24-6tgu-s0-n100-seed1,diffsbdd,95,24.0,18.5,27.0,22.0,25.0
n_heavy_atoms,distribution,"diffsbdd, топ 20%",2026-08-24-6tgu-s0-n100-seed1,diffsbdd,19,23.0,18.0,26.0,18.0,26.0
diversity,set,diffsbdd,2026-08-24-6tgu-s0-n100-seed1,diffsbdd,95,0.9053222172531868,,,,
diversity,set,"diffsbdd, топ 20%",2026-08-24-6tgu-s0-n100-seed1,diffsbdd,19,0.8902147648532438,,,,
