run_id,source,top_fraction,n_selected,distinct_scores,score_at_cut,ties_at_cut,metric,aggregation,value,iqr_low,iqr_high,ci_low,ci_high
2026-08-24-6tgu-s0-n100-seed1,diffsbdd,1.0,95,5,0.0,0,ifp_tanimoto,distribution,0.3529411764705882,0.2631578947368421,0.4444444444444444,0.3157894736842105,0.3888888888888889
2026-08-24-6tgu-s0-n100-seed1,diffsbdd,1.0,95,5,0.0,0,ifp_tversky,distribution,0.3529411764705882,0.2941176470588235,0.4705882352941176,0.3529411764705882,0.4117647058823529
2026-08-24-6tgu-s0-n100-seed1,diffsbdd,1.0,95,5,0.0,0,hinge_hbond,share,0.8,,,0.7157894736842105,0.8736842105263158
2026-08-24-6tgu-s0-n100-seed1,diffsbdd,1.0,95,5,0.0,0,ifp_score,distribution,0.4,0.2,0.6,0.4,0.4
2026-08-24-6tgu-s0-n100-seed1,diffsbdd,1.0,95,5,0.0,0,ifp_score_norm,distribution,0.015385,0.007549500000000001,0.026087,0.012903,0.017391
2026-08-24-6tgu-s0-n100-seed1,diffsbdd,1.0,95,5,0.0,0,valid,share,1.0,,,1.0,1.0
2026-08-24-6tgu-s0-n100-seed1,diffsbdd,1.0,95,5,0.0,0,connected,share,0.9578947368421052,,,0.9157894736842105,0.9894736842105263
2026-08-24-6tgu-s0-n100-seed1,diffsbdd,1.0,95,5,0.0,0,uniqueness,set,1.0,,,,
2026-08-24-6tgu-s0-n100-seed1,diffsbdd,1.0,95,5,0.0,0,qed,distribution,0.5971594466820139,0.4444608899092283,0.7001710098270288,0.5323853135904216,0.6440417477413259
2026-08-24-6tgu-s0-n100-seed1,diffsbdd,1.0,95,5,0.0,0,sa_score,distribution,7.35609226234545,6.935123456515311,7.845594780383017,7.227584803214567,7.517277454164926
2026-08-24-6tgu-s0-n100-seed1,diffsbdd,1.0,95,5,0.0,0,n_heavy_atoms,distribution,24.0,18.5,27.0,22.0,25.0
2026-08-24-6tgu-s0-n100-seed1,diffsbdd,1.0,95,5,0.0,0,diversity,set,0.9053222172531868,,,,
2026-08-24-6tgu-s0-n100-seed1,diffsbdd,0.5,48,3,0.4,32,ifp_tanimoto,distribution,0.4164086687306501,0.3333333333333333,0.5,0.3888888888888889,0.4705882352941176
2026-08-24-6tgu-s0-n100-seed1,diffsbdd,0.5,48,3,0.4,32,ifp_tversky,distribution,0.4705882352941176,0.3529411764705882,0.5294117647058824,0.4117647058823529,0.5
2026-08-24-6tgu-s0-n100-seed1,diffsbdd,0.5,48,3,0.4,32,hinge_hbond,share,1.0,,,1.0,1.0
2026-08-24-6tgu-s0-n100-seed1,diffsbdd,0.5,48,3,0.4,32,ifp_score,distribution,0.6,0.4,0.6,0.4,0.6
2026-08-24-6tgu-s0-n100-seed1,diffsbdd,0.5,48,3,0.4,32,ifp_score_norm,distribution,0.0255435,0.01798425,0.03141,0.02,0.03
2026-08-24-6tgu-s0-n100-seed1,diffsbdd,0.5,48,3,0.4,32,valid,share,1.0,,,1.0,1.0
2026-08-24-6tgu-s0-n100-seed1,diffsbdd,0.5,48,3,0.4,32,connected,share,0.9791666666666666,,,0.9375,1.0
2026-08-24-6tgu-s0-n100-seed1,diffsbdd,0.5,48,3,0.4,32,uniqueness,set,1.0,,,,
2026-08-24-6tgu-s0-n100-seed1,diffsbdd,0.5,48,3,0.4,32,qed,distribution,0.5732738752699233,0.4249311844575475,0.6675507626637834,0.5081297717239829,0.633217031776654
2026-08-24-6tgu-s0-n100-seed1,diffsbdd,0.5,48,3,0.4,32,sa_score,distribution,7.266973592022743,6.847820467404099,7.59184916707996,7.047605608866645,7.490952927997055
2026-08-24-6tgu-s0-n100-seed1,diffsbdd,0.5,48,3,0.4,32,n_heavy_atoms,distribution,23.0,17.0,26.0,20.0,25.0
2026-08-24-6tgu-s0-n100-seed1,diffsbdd,0.5,48,3,0.4,32,diversity,set,0.899802817943283,,,,
2026-08-24-6tgu-s0-n100-seed1,diffsbdd,0.3,29,3,0.4,32,ifp_tanimoto,distribution,0.4210526315789473,0.3157894736842105,0.5294117647058824,0.3888888888888889,0.5
2026-08-24-6tgu-s0-n100-seed1,diffsbdd,0.3,29,3,0.4,32,ifp_tversky,distribution,0.4705882352941176,0.3529411764705882,0.5294117647058824,0.4117647058823529,0.5294117647058824
2026-08-24-6tgu-s0-n100-seed1,diffsbdd,0.3,29,3,0.4,32,hinge_hbond,share,1.0,,,1.0,1.0
2026-08-24-6tgu-s0-n100-seed1,diffsbdd,0.3,29,3,0.4,32,ifp_score,distribution,0.6,0.6,0.6,0.6,0.6
2026-08-24-6tgu-s0-n100-seed1,diffsbdd,0.3,29,3,0.4,32,ifp_score_norm,distribution,0.03,0.026087,0.035294,0.026667,0.033333
2026-08-24-6tgu-s0-n100-seed1,diffsbdd,0.3,29,3,0.4,32,valid,share,1.0,,,1.0,1.0
2026-08-24-6tgu-s0-n100-seed1,diffsbdd,0.3,29,3,0.4,32,connected,share,1.0,,,1.0,1.0
2026-08-24-6tgu-s0-n100-seed1,diffsbdd,0.3,29,3,0.4,32,uniqueness,set,1.0,,,,
2026-08-24-6tgu-s0-n100-seed1,diffsbdd,0.3,29,3,0.4,32,qed,distribution,0.628651167774768,0.5075612046835667,0.6892143048094387,0.5602119167196022,0.6686426721895462
2026-08-24-6tgu-s0-n100-seed1,diffsbdd,0.3,29,3,0.4,32,sa_score,distribution,7.277331767541908,6.96744413015213,7.590743526658509,7.082403406060564,7.508602943332881
2026-08-24-6tgu-s0-n100-seed1,diffsbdd,0.3,29,3,0.4,32,n_heavy_atoms,distribution,22.0,17.0,26.0,18.0,25.0
2026-08-24-6tgu-s0-n100-seed1,diffsbdd,0.3,29,3,0.4,32,diversity,set,0.888226774470535,,,,
2026-08-24-6tgu-s0-n100-seed1,diffsbdd,0.2,19,2,0.6,20,ifp_tanimoto,distribution,0.5,0.40588235294117647,0.542483660130719,0.4117647058823529,0.5294117647058824
2026-08-24-6tgu-s0-n100-seed1,diffsbdd,0.2,19,2,0.6,20,ifp_tversky,distribution,0.5294117647058824,0.4117647058823529,0.5588235294117647,0.4117647058823529,0.5294117647058824
2026-08-24-6tgu-s0-n100-seed1,diffsbdd,0.2,19,2,0.6,20,hinge_hbond,share,1.0,,,1.0,1.0
2026-08-24-6tgu-s0-n100-seed1,diffsbdd,0.2,19,2,0.6,20,ifp_score,distribution,0.6,0.6,0.8,0.6,0.8
2026-08-24-6tgu-s0-n100-seed1,diffsbdd,0.2,19,2,0.6,20,ifp_score_norm,distribution,0.030769,0.0274295,0.033333,0.027586,0.033333
2026-08-24-6tgu-s0-n100-seed1,diffsbdd,0.2,19,2,0.6,20,valid,share,1.0,,,1.0,1.0
2026-08-24-6tgu-s0-n100-seed1,diffsbdd,0.2,19,2,0.6,20,connected,share,1.0,,,1.0,1.0
2026-08-24-6tgu-s0-n100-seed1,diffsbdd,0.2,19,2,0.6,20,uniqueness,set,1.0,,,,
2026-08-24-6tgu-s0-n100-seed1,diffsbdd,0.2,19,2,0.6,20,qed,distribution,0.628651167774768,0.5179483446031502,0.7183403277449671,0.5602119167196022,0.6959147740012332
2026-08-24-6tgu-s0-n100-seed1,diffsbdd,0.2,19,2,0.6,20,sa_score,distribution,7.256615416503578,6.883708861049002,7.537315402774519,6.96744413015213,7.4838872788905295
2026-08-24-6tgu-s0-n100-seed1,diffsbdd,0.2,19,2,0.6,20,n_heavy_atoms,distribution,23.0,18.0,26.0,18.0,26.0
2026-08-24-6tgu-s0-n100-seed1,diffsbdd,0.2,19,2,0.6,20,diversity,set,0.8902147648532438,,,,
2026-08-24-6tgu-s0-n100-seed1,diffsbdd,0.1,10,2,0.6,20,ifp_tanimoto,distribution,0.5147058823529411,0.4583333333333333,0.5789473684210527,0.4444444444444444,0.5835913312693499
2026-08-24-6tgu-s0-n100-seed1,diffsbdd,0.1,10,2,0.6,20,ifp_tversky,distribution,0.5294117647058824,0.48529411764705876,0.6323529411764706,0.4705882352941176,0.6470588235294118
2026-08-24-6tgu-s0-n100-seed1,diffsbdd,0.1,10,2,0.6,20,hinge_hbond,share,1.0,,,1.0,1.0
2026-08-24-6tgu-s0-n100-seed1,diffsbdd,0.1,10,2,0.6,20,ifp_score,distribution,0.8,0.6,0.8,0.6,0.8
2026-08-24-6tgu-s0-n100-seed1,diffsbdd,0.1,10,2,0.6,20,ifp_score_norm,distribution,0.030769,0.02783225,0.032692,0.027586,0.033333
2026-08-24-6tgu-s0-n100-seed1,diffsbdd,0.1,10,2,0.6,20,valid,share,1.0,,,1.0,1.0
2026-08-24-6tgu-s0-n100-seed1,diffsbdd,0.1,10,2,0.6,20,connected,share,1.0,,,1.0,1.0
2026-08-24-6tgu-s0-n100-seed1,diffsbdd,0.1,10,2,0.6,20,uniqueness,set,1.0,,,,
2026-08-24-6tgu-s0-n100-seed1,diffsbdd,0.1,10,2,0.6,20,qed,distribution,0.6001552207637457,0.5615565267428199,0.6551835426266731,0.5342272630974827,0.697441845724075
2026-08-24-6tgu-s0-n100-seed1,diffsbdd,0.1,10,2,0.6,20,sa_score,distribution,7.306134413659268,6.996183949129239,7.483603440685024,6.886029663457014,7.4838872788905295
2026-08-24-6tgu-s0-n100-seed1,diffsbdd,0.1,10,2,0.6,20,n_heavy_atoms,distribution,25.0,22.25,26.0,20.5,27.0
2026-08-24-6tgu-s0-n100-seed1,diffsbdd,0.1,10,2,0.6,20,diversity,set,0.8883552819717698,,,,
2026-08-24-6tgu-s0-n100-seed1,diffsbdd,0.05,5,1,0.8,6,ifp_tanimoto,distribution,0.5789473684210527,0.5294117647058824,0.5789473684210527,0.5,0.6111111111111112
2026-08-24-6tgu-s0-n100-seed1,diffsbdd,0.05,5,1,0.8,6,ifp_tversky,distribution,0.6470588235294118,0.5294117647058824,0.6470588235294118,0.5294117647058824,0.6470588235294118
2026-08-24-6tgu-s0-n100-seed1,diffsbdd,0.05,5,1,0.8,6,hinge_hbond,share,1.0,,,1.0,1.0
2026-08-24-6tgu-s0-n100-seed1,diffsbdd,0.05,5,1,0.8,6,ifp_score,distribution,0.8,0.8,0.8,0.8,0.8
2026-08-24-6tgu-s0-n100-seed1,diffsbdd,0.05,5,1,0.8,6,ifp_score_norm,distribution,0.030769,0.028571,0.030769,0.027586,0.030769
2026-08-24-6tgu-s0-n100-seed1,diffsbdd,0.05,5,1,0.8,6,valid,share,1.0,,,1.0,1.0
2026-08-24-6tgu-s0-n100-seed1,diffsbdd,0.05,5,1,0.8,6,connected,share,1.0,,,1.0,1.0
2026-08-24-6tgu-s0-n100-seed1,diffsbdd,0.05,5,1,0.8,6,uniqueness,set,1.0,,,,
2026-08-24-6tgu-s0-n100-seed1,diffsbdd,0.05,5,1,0.8,6,qed,distribution,0.5602119167196022,0.4756847724866981,0.5655903568124726,0.1998422574891172,0.6555387868490811
2026-08-24-6tgu-s0-n100-seed1,diffsbdd,0.05,5,1,0.8,6,sa_score,distribution,7.256615416503578,7.082403406060564,7.4838872788905295,6.689655920853464,8.09878592591962
2026-08-24-6tgu-s0-n100-seed1,diffsbdd,0.05,5,1,0.8,6,n_heavy_atoms,distribution,26.0,26.0,28.0,26.0,29.0
2026-08-24-6tgu-s0-n100-seed1,diffsbdd,0.05,5,1,0.8,6,diversity,set,0.8843924230591593,,,,
2026-08-24-6tgu-s0-n100,local-poses,1.0,100,6,0.0,0,ifp_tanimoto,distribution,0.457516339869281,0.3529411764705882,0.5294117647058824,0.4117647058823529,0.4705882352941176
2026-08-24-6tgu-s0-n100,local-poses,1.0,100,6,0.0,0,ifp_tversky,distribution,0.4705882352941176,0.3529411764705882,0.5294117647058824,0.4117647058823529,0.4705882352941176
2026-08-24-6tgu-s0-n100,local-poses,1.0,100,6,0.0,0,hinge_hbond,share,0.4,,,0.30975000000000025,0.5
2026-08-24-6tgu-s0-n100,local-poses,1.0,100,6,0.0,0,ifp_score,distribution,0.2,0.0,0.6,0.2,0.4
2026-08-24-6tgu-s0-n100,local-poses,1.0,100,6,0.0,0,ifp_score_norm,distribution,0.008696,0.0,0.026087,0.008696,0.017391
2026-08-24-6tgu-s0-n100,local-poses,1.0,100,6,0.0,0,valid,share,1.0,,,1.0,1.0
2026-08-24-6tgu-s0-n100,local-poses,1.0,100,6,0.0,0,connected,share,1.0,,,1.0,1.0
2026-08-24-6tgu-s0-n100,local-poses,0.5,50,5,0.2,28,ifp_tanimoto,distribution,0.5294117647058824,0.4705882352941176,0.5882352941176471,0.4705882352941176,0.5588235294117647
2026-08-24-6tgu-s0-n100,local-poses,0.5,50,5,0.2,28,ifp_tversky,distribution,0.5294117647058824,0.4705882352941176,0.5882352941176471,0.4705882352941176,0.5588235294117647
2026-08-24-6tgu-s0-n100,local-poses,0.5,50,5,0.2,28,hinge_hbond,share,0.76,,,0.64,0.88
2026-08-24-6tgu-s0-n100,local-poses,0.5,50,5,0.2,28,ifp_score,distribution,0.6,0.4,0.8,0.4,0.6
2026-08-24-6tgu-s0-n100,local-poses,0.5,50,5,0.2,28,ifp_score_norm,distribution,0.026087,0.017391,0.034783,0.017391,0.026087
2026-08-24-6tgu-s0-n100,local-poses,0.5,50,5,0.2,28,valid,share,1.0,,,1.0,1.0
2026-08-24-6tgu-s0-n100,local-poses,0.5,50,5,0.2,28,connected,share,1.0,,,1.0,1.0
2026-08-24-6tgu-s0-n100,local-poses,0.3,30,3,0.6,15,ifp_tanimoto,distribution,0.5882352941176471,0.5294117647058824,0.6470588235294118,0.5294117647058824,0.6176470588235294
2026-08-24-6tgu-s0-n100,local-poses,0.3,30,3,0.6,15,ifp_tversky,distribution,0.5882352941176471,0.5294117647058824,0.6470588235294118,0.5294117647058824,0.6176470588235294
2026-08-24-6tgu-s0-n100,local-poses,0.3,30,3,0.6,15,hinge_hbond,share,0.9,,,0.7666666666666667,1.0
2026-08-24-6tgu-s0-n100,local-poses,0.3,30,3,0.6,15,ifp_score,distribution,0.7,0.6,0.8,0.6,0.8
2026-08-24-6tgu-s0-n100,local-poses,0.3,30,3,0.6,15,ifp_score_norm,distribution,0.030435,0.026087,0.034783,0.026087,0.034783
2026-08-24-6tgu-s0-n100,local-poses,0.3,30,3,0.6,15,valid,share,1.0,,,1.0,1.0
2026-08-24-6tgu-s0-n100,local-poses,0.3,30,3,0.6,15,connected,share,1.0,,,1.0,1.0
2026-08-24-6tgu-s0-n100,local-poses,0.2,20,3,0.6,15,ifp_tanimoto,distribution,0.6176470588235294,0.5882352941176471,0.6764705882352942,0.5882352941176471,0.6568627450980392
2026-08-24-6tgu-s0-n100,local-poses,0.2,20,3,0.6,15,ifp_tversky,distribution,0.6176470588235294,0.5882352941176471,0.7058823529411765,0.5882352941176471,0.6764705882352942
2026-08-24-6tgu-s0-n100,local-poses,0.2,20,3,0.6,15,hinge_hbond,share,0.9,,,0.75,1.0
2026-08-24-6tgu-s0-n100,local-poses,0.2,20,3,0.6,15,ifp_score,distribution,0.8,0.75,0.8500000000000001,0.8,0.8
2026-08-24-6tgu-s0-n100,local-poses,0.2,20,3,0.6,15,ifp_score_norm,distribution,0.034783,0.032609,0.036956750000000003,0.034783,0.034783
2026-08-24-6tgu-s0-n100,local-poses,0.2,20,3,0.6,15,valid,share,1.0,,,1.0,1.0
2026-08-24-6tgu-s0-n100,local-poses,0.2,20,3,0.6,15,connected,share,1.0,,,1.0,1.0
2026-08-24-6tgu-s0-n100,local-poses,0.1,10,2,0.8,10,ifp_tanimoto,distribution,0.6764705882352942,0.5882352941176471,0.7058823529411765,0.5882352941176471,0.7058823529411765
2026-08-24-6tgu-s0-n100,local-poses,0.1,10,2,0.8,10,ifp_tversky,distribution,0.6764705882352942,0.5882352941176471,0.7058823529411765,0.5882352941176471,0.7058823529411765
2026-08-24-6tgu-s0-n100,local-poses,0.1,10,2,0.8,10,hinge_hbond,share,1.0,,,1.0,1.0
2026-08-24-6tgu-s0-n100,local-poses,0.1,10,2,0.8,10,ifp_score,distribution,0.9,0.8,1.0,0.8,1.0
2026-08-24-6tgu-s0-n100,local-poses,0.1,10,2,0.8,10,ifp_score_norm,distribution,0.0391305,0.034783,0.043478,0.034783,0.043478
2026-08-24-6tgu-s0-n100,local-poses,0.1,10,2,0.8,10,valid,share,1.0,,,1.0,1.0
2026-08-24-6tgu-s0-n100,local-poses,0.1,10,2,0.8,10,connected,share,1.0,,,1.0,1.0
2026-08-24-6tgu-s0-n100,local-poses,0.05,5,1,1.0,5,ifp_tanimoto,distribution,0.7058823529411765,0.7058823529411765,0.7058823529411765,0.5882352941176471,0.7647058823529411
2026-08-24-6tgu-s0-n100,local-poses,0.05,5,1,1.0,5,ifp_tversky,distribution,0.7058823529411765,0.7058823529411765,0.7058823529411765,0.5882352941176471,0.7647058823529411
2026-08-24-6tgu-s0-n100,local-poses,0.05,5,1,1.0,5,hinge_hbond,share,1.0,,,1.0,1.0
2026-08-24-6tgu-s0-n100,local-poses,0.05,5,1,1.0,5,ifp_score,distribution,1.0,1.0,1.0,1.0,1.0
2026-08-24-6tgu-s0-n100,local-poses,0.05,5,1,1.0,5,ifp_score_norm,distribution,0.043478,0.043478,0.043478,0.043478,0.043478
2026-08-24-6tgu-s0-n100,local-poses,0.05,5,1,1.0,5,valid,share,1.0,,,1.0,1.0
2026-08-24-6tgu-s0-n100,local-poses,0.05,5,1,1.0,5,connected,share,1.0,,,1.0,1.0
